"date","state","death","deathConfirmed","deathIncrease","deathProbable","hospitalized","hospitalizedCumulative","hospitalizedCurrently","hospitalizedIncrease","inIcuCumulative","inIcuCurrently","negative","negativeIncrease","negativeTestsAntibody","negativeTestsPeopleAntibody","negativeTestsViral","onVentilatorCumulative","onVentilatorCurrently","positive","positiveCasesViral","positiveIncrease","positiveScore","positiveTestsAntibody","positiveTestsAntigen","positiveTestsPeopleAntibody","positiveTestsPeopleAntigen","positiveTestsViral","recovered","totalTestEncountersViral","totalTestEncountersViralIncrease","totalTestResults","totalTestResultsIncrease","totalTestsAntibody","totalTestsAntigen","totalTestsPeopleAntibody","totalTestsPeopleAntigen","totalTestsPeopleViral","totalTestsPeopleViralIncrease","totalTestsViral","totalTestsViralIncrease"
"2021-03-07","DC",1030,,0,,,,150,0,,38,,0,,,,,16,41419,,146,0,,,,,,29570,1261363,5726,1261363,5726,,,,,441942,1149,,0
"2021-03-06","DC",1030,,3,,,,150,0,,40,,0,,,,,15,41273,,151,0,,,,,,29470,1255637,8000,1255637,8000,,,,,440793,1280,,0
"2021-03-05","DC",1027,,3,,,,160,0,,45,,0,,,,,19,41122,,108,0,,,,,,29417,1247637,5821,1247637,5821,,,,,439513,1038,,0
"2021-03-04","DC",1024,,1,,,,170,0,,49,,0,,,,,18,41014,,196,0,,,,,,29287,1241816,7833,1241816,7833,,,,,438475,1619,,0
"2021-03-03","DC",1023,,4,,,,177,0,,47,,0,,,,,23,40818,,51,0,,,,,,29213,1233983,139,1233983,139,,,,,436856,80,,0
"2021-03-02","DC",1019,,0,,,,177,0,,47,,0,,,,,29,40767,,83,0,,,,,,29111,1233844,2251,1233844,2251,,,,,436776,533,,0
"2021-03-01","DC",1019,,2,,,,168,0,,46,,0,,,,,25,40684,,86,0,,,,,,29019,1231593,3234,1231593,3234,,,,,436243,575,,0
"2021-02-28","DC",1017,,7,,,,163,0,,45,,0,,,,,26,40598,,120,0,,,,,,28881,1228359,6796,1228359,6796,,,,,435668,1288,,0
"2021-02-27","DC",1010,,1,,,,171,0,,49,,0,,,,,26,40478,,194,0,,,,,,28842,1221563,6232,1221563,6232,,,,,434380,1174,,0
"2021-02-26","DC",1009,,4,,,,179,0,,50,,0,,,,,24,40284,,162,0,,,,,,28757,1215331,5678,1215331,5678,,,,,433206,967,,0
"2021-02-25","DC",1005,,4,,,,205,0,,55,,0,,,,,26,40122,,179,0,,,,,,28679,1209653,5048,1209653,5048,,,,,432239,991,,0
"2021-02-24","DC",1001,,3,,,,211,0,,57,,0,,,,,31,39943,,99,0,,,,,,28532,1204605,3000,1204605,3000,,,,,431248,750,,0
"2021-02-23","DC",998,,3,,,,211,0,,57,,0,,,,,31,39844,,89,0,,,,,,28532,1201605,2843,1201605,2843,,,,,430498,542,,0
"2021-02-22","DC",995,,0,,,,207,0,,54,,0,,,,,33,39755,,107,0,,,,,,28457,1198762,3509,1198762,3509,,,,,429956,568,,0
"2021-02-21","DC",995,,1,,,,196,0,,52,,0,,,,,28,39648,,95,0,,,,,,28365,1195253,4244,1195253,4244,,,,,429388,696,,0
"2021-02-20","DC",994,,1,,,,206,0,,53,,0,,,,,30,39553,,92,0,,,,,,28298,1191009,4022,1191009,4022,,,,,428692,625,,0
"2021-02-19","DC",993,,1,,,,209,0,,48,,0,,,,,24,39461,,160,0,,,,,,28202,1186987,5825,1186987,5825,,,,,428067,1030,,0
"2021-02-18","DC",992,,7,,,,211,0,,51,,0,,,,,19,39301,,121,0,,,,,,28108,1181162,3695,1181162,3695,,,,,427037,612,,0
"2021-02-17","DC",985,,3,,,,206,0,,54,,0,,,,,24,39180,,49,0,,,,,,27930,1177467,4699,1177467,4699,,,,,426425,1094,,0
"2021-02-16","DC",982,,2,,,,204,0,,52,,0,,,,,21,39131,,130,0,,,,,,27930,1172768,0,1172768,0,,,,,425331,0,,0
"2021-02-15","DC",980,,1,,,,196,0,,46,,0,,,,,21,39001,,83,0,,,,,,27677,1172768,3084,1172768,3084,,,,,425331,488,,0
"2021-02-14","DC",979,,0,,,,197,0,,50,,0,,,,,24,38918,,122,0,,,,,,27677,1169684,5762,1169684,5762,,,,,424843,-1987,,0
"2021-02-13","DC",979,,3,,,,191,0,,48,,0,,,,,26,38796,,126,0,,,,,,27549,1163922,9613,1163922,9613,,,,,426830,-751,,0
"2021-02-12","DC",976,,3,,,,207,0,,57,,0,,,,,32,38670,,137,0,,,,,,27473,1154309,2825,1154309,2825,,,,,427581,5828,,0
"2021-02-11","DC",973,,8,,,,225,0,,57,,0,,,,,32,38533,,185,0,,,,,,27398,1151484,5212,1151484,5212,,,,,421753,1086,,0
"2021-02-10","DC",965,,4,,,,226,0,,56,,0,,,,,34,38348,,67,0,,,,,,27238,1146272,3165,1146272,3165,,,,,420667,612,,0
"2021-02-09","DC",961,,5,,,,241,0,,58,,0,,,,,31,38281,,145,0,,,,,,27121,1143107,4582,1143107,4582,,,,,420055,821,,0
"2021-02-08","DC",956,,4,,,,237,0,,58,,0,,,,,30,38136,,101,0,,,,,,26986,1138525,2920,1138525,2920,,,,,419234,524,,0
"2021-02-07","DC",952,,5,,,,240,0,,59,,0,,,,,30,38035,,158,0,,,,,,26835,1135605,6163,1135605,6163,,,,,418710,1108,,0
"2021-02-06","DC",947,,7,,,,239,0,,56,,0,,,,,39,37877,,243,0,,,,,,26680,1129442,6537,1129442,6537,,,,,417602,1397,,0
"2021-02-05","DC",940,,8,,,,251,0,,67,,0,,,,,39,37634,,269,0,,,,,,26551,1122905,6563,1122905,6563,,,,,416205,1355,,0
"2021-02-04","DC",932,,6,,,,248,0,,63,,0,,,,,41,37365,,166,0,,,,,,26453,1116342,4103,1116342,4103,,,,,414850,1217,,0
"2021-02-03","DC",926,,5,,,,237,0,,63,,0,,,,,34,37199,,61,0,,,,,,26226,1112239,1945,1112239,1945,,,,,413633,499,,0
"2021-02-02","DC",921,,5,,,,232,0,,62,,0,,,,,34,37138,,130,0,,,,,,26086,1110294,4224,1110294,4224,,,,,413134,860,,0
"2021-02-01","DC",916,,3,,,,240,0,,66,,0,,,,,46,37008,,136,0,,,,,,25915,1106070,5604,1106070,5604,,,,,412274,1134,,0
"2021-01-31","DC",913,,4,,,,251,0,,72,,0,,,,,46,36872,,210,0,,,,,,25810,1100466,7857,1100466,7857,,,,,411140,1805,,0
"2021-01-30","DC",909,,2,,,,247,0,,69,,0,,,,,46,36662,,248,0,,,,,,25722,1092609,13603,1092609,13603,,,,,409335,7425,,0
"2021-01-29","DC",907,,5,,,,241,0,,70,,0,,,,,46,36414,,282,0,,,,,,25588,1079006,8067,1079006,8067,,,,,401910,2888,,0
"2021-01-28","DC",902,,7,,,,255,0,,69,,0,,,,,35,36132,,267,0,,,,,,25442,1070939,6610,1070939,6610,,,,,399022,1454,,0
"2021-01-27","DC",895,,7,,,,253,0,,69,,0,,,,,35,35865,,165,0,,,,,,25271,1064329,4647,1064329,4647,,,,,397568,2431,,0
"2021-01-26","DC",888,,9,,,,240,0,,63,,0,,,,,33,35700,,195,0,,,,,,25008,1059682,4945,1059682,4945,,,,,395137,1189,,0
"2021-01-25","DC",879,,7,,,,248,0,,67,,0,,,,,39,35505,,204,0,,,,,,24818,1054737,5786,1054737,5786,,,,,393948,1395,,0
"2021-01-24","DC",872,,2,,,,254,0,,67,,0,,,,,39,35301,,224,0,,,,,,24697,1048951,5839,1048951,5839,,,,,392553,1326,,0
"2021-01-23","DC",870,,3,,,,256,0,,63,,0,,,,,31,35077,,172,0,,,,,,24572,1043112,4632,1043112,4632,,,,,391227,958,,0
"2021-01-22","DC",867,,3,,,,255,0,,63,,0,,,,,25,34905,,293,0,,,,,,24251,1038480,6788,1038480,6788,,,,,390269,2067,,0
"2021-01-21","DC",864,,1,,,,256,0,,67,,0,,,,,23,34612,,209,0,,,,,,24251,1031692,7161,1031692,7161,,,,,388202,2445,,0
"2021-01-20","DC",863,,2,,,,262,0,,62,,0,,,,,25,34403,,144,0,,,,,,24009,1024531,4269,1024531,4269,,,,,385757,1674,,0
"2021-01-19","DC",861,,4,,,,273,0,,58,,0,,,,,29,34259,,226,0,,,,,,23632,1020262,6310,1020262,6310,,,,,384083,1957,,0
"2021-01-18","DC",857,,7,,,,275,0,,63,,0,,,,,33,34033,,182,0,,,,,,23554,1013952,4560,1013952,4560,,,,,382126,1056,,0
"2021-01-17","DC",850,,3,,,,287,0,,64,,0,,,,,36,33851,,314,0,,,,,,23456,1009392,8900,1009392,8900,,,,,381070,1751,,0
"2021-01-16","DC",847,,5,,,,280,0,,67,,0,,,,,29,33537,,397,0,,,,,,23319,1000492,13697,1000492,13697,,,,,379319,2461,,0
"2021-01-15","DC",842,,0,,,,285,0,,71,,0,,,,,30,33140,,320,0,,,,,,23131,986795,7962,986795,7962,,,,,376858,1621,,0
"2021-01-14","DC",842,,11,,,,287,0,,74,,0,,,,,29,32820,,220,0,,,,,,22899,978833,5263,978833,5263,,,,,375237,1164,,0
"2021-01-13","DC",831,,6,,,,293,0,,59,,0,,,,,20,32600,,177,0,,,,,,22673,973570,3522,973570,3522,,,,,374073,740,,0
"2021-01-12","DC",825,,4,,,,283,0,,69,,0,,,,,34,32423,,430,0,,,,,,22464,970048,9132,970048,9132,,,,,373333,2239,,0
"2021-01-11","DC",821,,4,,,,298,0,,71,,0,,,,,41,31993,,202,0,,,,,,22153,960916,3566,960916,3566,,,,,371094,804,,0
"2021-01-10","DC",817,,4,,,,292,0,,69,,0,,,,,47,31791,,334,0,,,,,,22153,957350,6588,957350,6588,,,,,370290,1330,,0
"2021-01-09","DC",813,,4,,,,280,0,,72,,0,,,,,46,31457,,350,0,,,,,,22042,950762,6944,950762,6944,,,,,368960,1532,,0
"2021-01-08","DC",809,,1,,,,271,0,,66,,0,,,,,38,31107,,357,0,,,,,,21851,943818,6783,943818,6783,,,,,367428,1401,,0
"2021-01-07","DC",808,,2,,,,278,0,,63,,0,,,,,36,30750,,268,0,,,,,,21660,937035,4933,937035,4933,,,,,366027,1272,,0
"2021-01-06","DC",806,,5,,,,265,0,,69,,0,,,,,34,30482,,316,0,,,,,,21461,932102,5385,932102,5385,,,,,364755,1375,,0
"2021-01-05","DC",801,,4,,,,260,0,,72,,0,,,,,32,30166,,262,0,,,,,,21337,926717,5598,926717,5598,,,,,363380,1323,,0
"2021-01-04","DC",797,,3,,,,251,0,,71,,0,,,,,40,29904,,140,0,,,,,,21127,921119,3119,921119,3119,,,,,362057,562,,0
"2021-01-03","DC",794,,2,,,,245,0,,69,,0,,,,,35,29764,,255,0,,,,,,21072,918000,6622,918000,6622,,,,,361495,1471,,0
"2021-01-02","DC",792,,4,,,,237,0,,70,,0,,,,,33,29509,,257,0,,,,,,21002,911378,7076,911378,7076,,,,,360024,1473,,0
"2021-01-01","DC",788,,2,,,,226,0,,63,,0,,,,,31,29252,,269,0,,,,,,20941,904302,6863,904302,6863,,,,,358551,1413,,0
"2020-12-31","DC",786,,6,,,,234,0,,72,,0,,,,,31,28983,,225,0,,,,,,20770,897439,4675,897439,4675,,,,,357138,1007,,0
"2020-12-30","DC",780,,5,,,,240,0,,71,,0,,,,,33,28758,,223,0,,,,,,20587,892764,3772,892764,3772,,,,,356131,995,,0
"2020-12-29","DC",775,,4,,,,233,0,,72,,0,,,,,35,28535,,193,0,,,,,,20316,888992,3117,888992,3117,,,,,355136,1090,,0
"2020-12-28","DC",771,,3,,,,232,0,,71,,0,,,,,35,28342,,140,0,,,,,,20143,885875,3028,885875,3028,,,,,354046,553,,0
"2020-12-27","DC",768,,6,,,,232,0,,65,,0,,,,,32,28202,,492,0,,,,,,20040,882847,18440,882847,18440,,,,,353493,3718,,0
"2020-12-26","DC",762,,6,,,,244,0,,70,,0,,,,,26,27710,,274,0,,,,,,19883,864407,7626,864407,7626,,,,,349775,1586,,0
"2020-12-25","DC",756,,0,,,,250,0,,72,,0,,,,,33,27436,,0,0,,,,,,19740,856781,0,856781,0,,,,,348189,0,,0
"2020-12-24","DC",756,,5,,,,250,0,,72,,0,,,,,33,27436,,210,0,,,,,,19740,856781,6789,856781,6789,,,,,348189,1495,,0
"2020-12-23","DC",751,,7,,,,253,0,,76,,0,,,,,27,27226,,326,0,,,,,,19514,849992,9790,849992,9790,,,,,346694,2332,,0
"2020-12-22","DC",744,,2,,,,256,0,,76,,0,,,,,23,26900,,160,0,,,,,,19275,840202,6064,840202,6064,,,,,344362,1195,,0
"2020-12-21","DC",742,,5,,,,238,0,,79,,0,,,,,27,26740,,139,0,,,,,,19067,834138,4839,834138,4839,,,,,343167,1066,,0
"2020-12-20","DC",737,,7,,,,235,0,,72,,0,,,,,26,26601,,259,0,,,,,,18989,829299,8300,829299,8300,,,,,342101,1826,,0
"2020-12-19","DC",730,,2,,,,248,0,,81,,0,,,,,48,26342,,238,0,,,,,,18893,820999,8097,820999,8097,,,,,340275,1916,,0
"2020-12-18","DC",728,,3,,,,249,0,,73,,0,,,,,32,26104,,274,0,,,,,,18743,812902,8695,812902,8695,,,,,338359,1913,,0
"2020-12-17","DC",725,,5,,,,246,0,,80,,0,,,,,34,25830,,228,0,,,,,,18582,804207,5819,804207,5819,,,,,336446,1447,,0
"2020-12-16","DC",720,,0,,,,245,0,,73,,0,,,,,26,25602,,263,0,,,,,,18392,798388,6404,798388,6404,,,,,334999,1701,,0
"2020-12-15","DC",720,,4,,,,224,0,,75,,0,,,,,26,25339,,301,0,,,,,,18137,791984,9005,791984,9005,,,,,333298,2205,,0
"2020-12-14","DC",716,,1,,,,239,0,,63,,0,,,,,34,25038,,164,0,,,,,,17914,782979,4714,782979,4714,,,,,331093,1317,,0
"2020-12-13","DC",715,,2,,,,225,0,,58,,0,,,,,30,24874,,231,0,,,,,,17745,778265,7351,778265,7351,,,,,329776,1909,,0
"2020-12-12","DC",713,,4,,,,230,0,,59,,0,,,,,30,24643,,286,0,,,,,,17618,770914,8168,770914,8168,,,,,327867,3004,,0
"2020-12-11","DC",709,,1,,,,224,0,,58,,0,,,,,30,24357,,259,0,,,,,,17493,762746,4913,762746,4913,,,,,324863,1377,,0
"2020-12-10","DC",708,,4,,,,217,0,,57,,0,,,,,26,24098,,244,0,,,,,,17291,757833,5326,757833,5326,,,,,323486,1506,,0
"2020-12-09","DC",704,,3,,,,203,0,,58,,0,,,,,23,23854,,265,0,,,,,,17081,752507,6876,752507,6876,,,,,321980,995,,0
"2020-12-08","DC",701,,0,,,,205,0,,55,,0,,,,,24,23589,,270,0,,,,,,16884,745631,6547,745631,6547,,,,,320985,1798,,0
"2020-12-07","DC",701,,4,,,,176,0,,51,,0,,,,,24,23319,,183,0,,,,,,16733,739084,4451,739084,4451,,,,,319187,1381,,0
"2020-12-06","DC",697,,2,,,,171,0,,50,,0,,,,,23,23136,,264,0,,,,,,16665,734633,7246,734633,7246,,,,,317806,1988,,0
"2020-12-05","DC",695,,2,,,,193,0,,54,,0,,,,,22,22872,,392,0,,,,,,16596,727387,9145,727387,9145,,,,,315818,2424,,0
"2020-12-04","DC",693,,1,,,,194,0,,51,,0,,,,,21,22480,,316,0,,,,,,16374,718242,8251,718242,8251,,,,,313394,2045,,0
"2020-12-03","DC",692,,2,,,,185,0,,49,,0,,,,,17,22164,,322,0,,,,,,16268,709991,8506,709991,8506,,,,,311349,3185,,0
"2020-12-02","DC",690,,5,,,,165,0,,41,,0,,,,,18,21842,,157,0,,,,,,16070,701485,4076,701485,4076,,,,,308164,828,,0
"2020-12-01","DC",685,,5,,,,160,0,,43,,0,,,,,18,21685,,133,0,,,,,,15914,697409,2153,697409,2153,,,,,307336,889,,0
"2020-11-30","DC",680,,0,,,,158,0,,43,,0,,,,,17,21552,,104,0,,,,,,15746,695256,4914,695256,4914,,,,,306447,884,,0
"2020-11-29","DC",680,,2,,,,145,0,,42,,0,,,,,21,21448,,140,0,,,,,,15671,690342,5004,690342,5004,,,,,305563,1530,,0
"2020-11-28","DC",678,,1,,,,157,0,,41,,0,,,,,16,21308,,371,0,,,,,,15603,685338,12899,685338,12899,,,,,304033,4071,,0
"2020-11-27","DC",677,,0,,,,149,0,,34,,0,,,,,18,20937,,201,0,,,,,,15476,672439,9238,672439,9238,,,,,299962,2529,,0
"2020-11-26","DC",677,,0,,,,146,0,,30,,0,,,,,14,20736,,220,0,,,,,,15401,663201,12966,663201,12966,,,,,297433,3136,,0
"2020-11-25","DC",677,,4,,,,134,0,,36,,0,,,,,19,20516,,107,0,,,,,,15281,650235,1313,650235,1313,,,,,294297,1465,,0
"2020-11-24","DC",673,,1,,,,134,0,,36,,0,,,,,13,20409,,119,0,,,,,,15085,648922,9461,648922,9461,,,,,292832,1804,,0
"2020-11-23","DC",672,,2,,,,135,0,,34,,0,,,,,13,20290,,139,0,,,,,,14935,639461,8929,639461,8929,,,,,291028,2704,,0
"2020-11-22","DC",670,,0,,,,136,0,,33,,0,,,,,17,20151,,190,0,,,,,,14882,630532,11748,630532,11748,,,,,288324,-128,,0
"2020-11-21","DC",670,,1,,,,122,0,,31,,0,,,,,17,19961,,153,0,,,,,,14821,618784,6580,618784,6580,,,,,288452,4949,,0
"2020-11-20","DC",669,,2,,,,126,0,,28,,0,,,,,11,19808,,130,0,,,,,,14699,612204,4370,612204,4370,,,,,283503,1289,,0
"2020-11-19","DC",667,,2,,,,127,0,,34,,0,,,,,10,19678,,213,0,,,,,,14589,607834,6422,607834,6422,,,,,282214,1927,,0
"2020-11-18","DC",665,,5,,,,127,0,,35,,0,,,,,10,19465,,156,0,,,,,,14477,601412,4670,601412,4670,,,,,280287,1501,,0
"2020-11-17","DC",660,,0,,,,112,0,,36,,0,,,,,11,19309,,245,0,,,,,,14336,596742,6390,596742,6390,,,,,278786,2002,,0
"2020-11-16","DC",660,,0,,,,101,0,,33,,0,,,,,18,19064,,87,0,,,,,,14271,590352,1732,590352,1732,,,,,276784,527,,0
"2020-11-15","DC",660,,2,,,,104,0,,33,,0,,,,,21,18977,,163,0,,,,,,14182,588620,5301,588620,5301,,,,,276257,1547,,0
"2020-11-14","DC",658,,1,,,,113,0,,34,,0,,,,,16,18814,,148,0,,,,,,14160,583319,5718,583319,5718,,,,,274710,1388,,0
"2020-11-13","DC",657,,0,,,,115,0,,34,,0,,,,,19,18666,,159,0,,,,,,14160,577601,6071,577601,6071,,,,,273322,1381,,0
"2020-11-12","DC",657,,0,,,,109,0,,33,,0,,,,,8,18507,,128,0,,,,,,14103,571530,4458,571530,4458,,,,,271941,1356,,0
"2020-11-11","DC",657,,0,,,,112,0,,30,,0,,,,,17,18379,,206,0,,,,,,14036,567072,5239,567072,5239,,,,,270585,1747,,0
"2020-11-10","DC",657,,2,,,,109,0,,27,,0,,,,,15,18173,,86,0,,,,,,13977,561833,3019,561833,3019,,,,,268838,1030,,0
"2020-11-09","DC",655,,1,,,,104,0,,29,,0,,,,,17,18087,,86,0,,,,,,13919,558814,3365,558814,3365,,,,,267808,964,,0
"2020-11-08","DC",654,,0,,,,77,0,,25,,0,,,,,14,18001,,110,0,,,,,,13843,555449,4864,555449,4864,,,,,266844,1372,,0
"2020-11-07","DC",654,,2,,,,77,0,,25,,0,,,,,14,17891,,99,0,,,,,,13811,550585,4262,550585,4262,,,,,265472,1017,,0
"2020-11-06","DC",652,,2,,,,79,0,,25,,0,,,,,9,17792,,110,0,,,,,,13738,546323,5821,546323,5821,,,,,264455,1626,,0
"2020-11-05","DC",650,,3,,,,83,0,,26,,0,,,,,24,17682,,81,0,,,,,,13653,540502,3411,540502,3411,,,,,262829,1122,,0
"2020-11-04","DC",647,,0,,,,92,0,,29,,0,,,,,14,17601,,77,0,,,,,,13601,537091,3672,537091,3672,,,,,261707,1089,,0
"2020-11-03","DC",647,,0,,,,93,0,,30,,0,,,,,14,17524,,86,0,,,,,,13517,533419,5245,533419,5245,,,,,260618,1635,,0
"2020-11-02","DC",647,,1,,,,93,0,,27,,0,,,,,13,17438,,69,0,,,,,,13443,528174,2928,528174,2928,,,,,258983,852,,0
"2020-11-01","DC",646,,0,,,,101,0,,34,,0,,,,,11,17369,,103,0,,,,,,13349,525246,11116,525246,11116,,,,,258131,3083,,0
"2020-10-31","DC",646,,0,,,,107,0,,29,,0,,,,,11,17266,,122,0,,,,,,13348,514130,0,514130,0,,,,,255048,0,,0
"2020-10-30","DC",646,,1,,,,102,0,,30,,0,,,,,10,17144,,70,0,,,,,,13348,514130,4266,514130,4266,,,,,255048,1101,,0
"2020-10-29","DC",645,,1,,,,102,0,,28,,0,,,,,9,17074,,101,0,,,,,,13325,509864,4457,509864,4457,,,,,253947,1427,,0
"2020-10-28","DC",644,,0,,,,101,0,,25,,0,,,,,8,16973,,67,0,,,,,,13276,505407,2869,505407,2869,,,,,252520,988,,0
"2020-10-27","DC",644,,2,,,,106,0,,26,,0,,,,,7,16906,,94,0,,,,,,13215,502538,4348,502538,4348,,,,,251532,1489,,0
"2020-10-26","DC",642,,0,,,,98,0,,23,,0,,,,,12,16812,,45,0,,,,,,13179,498190,1958,498190,1958,,,,,250043,471,,0
"2020-10-25","DC",642,,0,,,,95,0,,21,,0,,,,,8,16767,,61,0,,,,,,13104,496232,4679,496232,4679,,,,,249572,1383,,0
"2020-10-24","DC",642,,0,,,,93,0,,21,,0,,,,,6,16706,,97,0,,,,,,13068,491553,5800,491553,5800,,,,,248189,1562,,0
"2020-10-23","DC",642,,0,,,,91,0,,23,,0,,,,,8,16609,,72,0,,,,,,13028,485753,6318,485753,6318,,,,,246627,1076,,0
"2020-10-22","DC",642,,0,,,,95,0,,23,,0,,,,,9,16537,,39,0,,,,,,12979,479435,2992,479435,2992,,,,,245551,1370,,0
"2020-10-21","DC",642,,0,,,,96,0,,23,,0,,,,,9,16498,,53,0,,,,,,12938,476443,2636,476443,2636,,,,,244181,882,,0
"2020-10-20","DC",642,,1,,,,85,0,,20,,0,,,,,9,16445,,50,0,,,,,,12884,473807,4767,473807,4767,,,,,243299,1678,,0
"2020-10-19","DC",641,,0,,,,84,0,,20,,0,,,,,9,16395,,25,0,,,,,,12824,469040,2235,469040,2235,,,,,241621,662,,0
"2020-10-18","DC",641,,0,,,,78,0,,20,,0,,,,,8,16370,,36,0,,,,,,12801,466805,3837,466805,3837,,,,,240959,1124,,0
"2020-10-17","DC",641,,0,,,,84,0,,23,,0,,,,,8,16334,,79,0,,,,,,12793,462968,7181,462968,7181,,,,,239835,2161,,0
"2020-10-16","DC",641,,3,,,,86,0,,21,,0,,,,,6,16255,,89,0,,,,,,12731,455787,5173,455787,5173,,,,,237674,1799,,0
"2020-10-15","DC",638,,0,,,,88,0,,22,,0,,,,,10,16166,,34,0,,,,,,12681,450614,2352,450614,2352,,,,,235875,612,,0
"2020-10-14","DC",638,,1,,,,86,0,,24,,0,,,,,7,16132,,64,0,,,,,,12627,448262,5181,448262,5181,,,,,235263,1813,,0
"2020-10-13","DC",637,,0,,,,88,0,,25,,0,,,,,7,16068,,46,0,,,,,,12583,443081,4262,443081,4262,,,,,233450,1633,,0
"2020-10-12","DC",637,,0,,,,87,0,,21,,0,,,,,12,16022,,38,0,,,,,,12539,438819,2652,438819,2652,,,,,231817,888,,0
"2020-10-11","DC",637,,1,,,,86,0,,26,,0,,,,,13,15984,,66,0,,,,,,12531,436167,7068,436167,7068,,,,,230929,2261,,0
"2020-10-10","DC",636,,2,,,,99,0,,27,,0,,,,,14,15918,,75,0,,,,,,12492,429099,6874,429099,6874,,,,,228668,1267,,0
"2020-10-09","DC",634,,0,,,,99,0,,27,,0,,,,,13,15843,,78,0,,,,,,12456,422225,5409,422225,5409,,,,,227401,2423,,0
"2020-10-08","DC",634,,2,,,,100,0,,25,,0,,,,,15,15765,,68,0,,,,,,12431,416816,4160,416816,4160,,,,,224978,1358,,0
"2020-10-07","DC",632,,1,,,,103,0,,30,,0,,,,,16,15697,,45,0,,,,,,12350,412656,2627,412656,2627,,,,,223620,896,,0
"2020-10-06","DC",631,,0,,,,105,0,,30,,0,,,,,15,15652,,105,0,,,,,,12350,410029,8461,410029,8461,,,,,222724,2812,,0
"2020-10-05","DC",631,,0,,,,95,0,,28,,0,,,,,12,15547,,28,0,,,,,,12306,401568,1743,401568,1743,,,,,219912,523,,0
"2020-10-04","DC",631,,2,,,,95,0,,29,,0,,,,,15,15519,,46,0,,,,,,12299,399825,2276,399825,2276,,,,,219389,756,,0
"2020-10-03","DC",629,,0,,,,86,0,,27,,0,,,,,13,15473,,50,0,,,,,,12252,397549,3431,397549,3431,,,,,218633,1149,,0
"2020-10-02","DC",629,,1,,,,101,0,,30,,0,,,,,14,15423,,65,0,,,,,,12252,394118,3938,394118,3938,,,,,217484,1564,,0
"2020-10-01","DC",628,,1,,,,98,0,,28,,0,,,,,12,15358,,32,0,,,,,,12202,390180,2320,390180,2320,,,,,215920,716,,0
"2020-09-30","DC",627,,1,,,,95,0,,28,,0,,,,,9,15326,,26,0,,,,,,12155,387860,1464,387860,1464,,,,,215204,473,,0
"2020-09-29","DC",626,,2,,,,93,0,,23,,0,,,,,10,15300,,36,0,,,,,,12115,386396,3348,386396,3348,,,,,214731,1435,,0
"2020-09-28","DC",624,,0,,,,90,0,,27,,0,,,,,15,15264,,14,0,,,,,,12053,383048,1889,383048,1889,,,,,213296,595,,0
"2020-09-27","DC",624,,0,,,,96,0,,29,,0,,,,,17,15250,,35,0,,,,,,12037,381159,3180,381159,3180,,,,,212701,1102,,0
"2020-09-26","DC",624,,1,,,,101,0,,25,,0,,,,,17,15215,,52,0,,,,,,12029,377979,4393,377979,4393,,,,,211599,1456,,0
"2020-09-25","DC",623,,2,,,,101,0,,29,,0,,,,,17,15163,,57,0,,,,,,11990,373586,5719,373586,5719,,,,,210143,1696,,0
"2020-09-24","DC",621,,0,,,,97,0,,29,,0,,,,,21,15106,,56,0,,,,,,11956,367867,4419,367867,4419,,,,,208447,1630,,0
"2020-09-23","DC",621,,0,,,,92,0,,26,,0,,,,,17,15050,,29,0,,,,,,11929,363448,1815,363448,1815,,,,,206817,652,,0
"2020-09-22","DC",621,,0,,,,95,0,,22,,0,,,,,19,15021,,43,0,,,,,,11886,361633,3889,361633,3889,,,,,206165,1384,,0
"2020-09-21","DC",621,,1,,,,88,0,,26,,0,,,,,17,14978,,23,0,,,,,,11856,357744,2600,357744,2600,,,,,204781,682,,0
"2020-09-20","DC",620,,1,,,,86,0,,25,,0,,,,,14,14955,,53,0,,,,,,11829,355144,4267,355144,4267,,,,,204099,1481,,0
"2020-09-19","DC",619,,0,,,,85,0,,23,,0,,,,,14,14902,,50,0,,,,,,11823,350877,3759,350877,3759,,,,,202618,1239,,0
"2020-09-18","DC",619,,0,,,,91,0,,24,,0,,,,,13,14852,,62,0,,,,,,11802,347118,5800,347118,5800,,,,,201379,1800,,0
"2020-09-17","DC",619,,2,,,,100,0,,22,,0,,,,,18,14790,,47,0,,,,,,11763,341318,3077,341318,3077,,,,,199579,1170,,0
"2020-09-16","DC",617,,1,,,,91,0,,24,,0,,,,,13,14743,,56,0,,,,,,11691,338241,1961,338241,1961,,,,,198409,683,,0
"2020-09-15","DC",616,,0,,,,89,0,,23,,0,,,,,11,14687,,65,0,,,,,,11630,336280,4132,336280,4132,,,,,197726,2035,,0
"2020-09-14","DC",616,,0,,,,91,0,,22,,0,,,,,8,14622,,30,0,,,,,,11592,332148,1507,332148,1507,,,,,195691,531,,0
"2020-09-13","DC",616,,0,,,,88,0,,23,,0,,,,,11,14592,,40,0,,,,,,11574,330641,3204,330641,3204,,,,,195160,1117,,0
"2020-09-12","DC",616,,0,,,,98,0,,24,,0,,,,,12,14552,,59,0,,,,,,11561,327437,6001,327437,6001,,,,,194043,1808,,0
"2020-09-11","DC",616,,0,,,,95,0,,25,,0,,,,,8,14493,,81,0,,,,,,11526,321436,2248,321436,2248,,,,,192235,1239,,0
"2020-09-10","DC",616,,1,,,,87,0,,20,,0,,,,,9,14412,,25,0,,,,,,11498,319188,1528,319188,1528,,,,,190996,261,,0
"2020-09-09","DC",615,,4,,,,93,0,,21,,0,,,,,11,14387,,25,0,,,,,,11452,317660,1062,317660,1062,,,,,190735,419,,0
"2020-09-08","DC",611,,0,,,,85,0,,21,,0,,,,,7,14362,,47,0,,,,,,11414,316598,2883,316598,2883,,,,,190316,1049,,0
"2020-09-07","DC",611,,0,,,,85,0,,23,,0,,,,,10,14315,,36,0,,,,,,11366,313715,2205,313715,2205,,,,,189267,1648,,0
"2020-09-06","DC",611,,0,,,,80,0,,24,,0,,,,,10,14279,,41,0,,,,,,11355,311510,3646,311510,3646,,,,,187619,1383,,0
"2020-09-05","DC",611,,0,,,,80,0,,22,,0,,,,,16,14238,,52,0,,,,,,11323,307864,4513,307864,4513,,,,,186236,1317,,0
"2020-09-04","DC",611,,2,,,,75,0,,23,,0,,,,,5,14186,,51,0,,,,,,11297,303351,4592,303351,4592,,,,,184919,1997,,0
"2020-09-03","DC",609,,1,,,,76,0,,23,,0,,,,,12,14135,,58,0,,,,,,11254,298759,3962,298759,3962,,,,,182922,1622,,0
"2020-09-02","DC",608,,1,,,,73,0,,22,,0,,,,,8,14077,,28,0,,,,,,11211,294797,1953,294797,1953,,,,,181300,806,,0
"2020-09-01","DC",607,,0,,,,71,0,,22,,0,,,,,8,14049,,57,0,,,,,,11150,292844,2162,292844,2162,,,,,180494,1155,,0
"2020-08-31","DC",607,,1,,,,70,0,,21,,0,,,,,8,13992,,33,0,,,,,,11105,290682,2593,290682,2593,,,,,179339,1256,,0
"2020-08-30","DC",606,,1,,,,69,0,,24,,0,,,,,10,13959,,34,0,,,,,,11087,288089,2333,288089,2333,,,,,178083,974,,0
"2020-08-29","DC",605,,0,,,,76,0,,25,,0,,,,,13,13925,,74,0,,,,,,11046,285756,4207,285756,4207,,,,,177109,2003,,0
"2020-08-28","DC",605,,0,,,,83,0,,22,,0,,,,,10,13851,,57,0,,,,,,11010,281549,4845,281549,4845,,,,,175106,2208,,0
"2020-08-27","DC",605,,0,,,,83,0,,24,,0,,,,,10,13794,,72,0,,,,,,10986,276704,2956,276704,2956,,,,,172898,1285,,0
"2020-08-26","DC",605,,1,,,,77,0,,25,,0,,,,,13,13722,,38,0,,,,,,10923,273748,2126,273748,2126,,,,,171613,991,,0
"2020-08-25","DC",604,,0,,,,87,0,,28,,0,,,,,12,13684,,45,0,,,,,,10885,271622,2221,271622,2221,,,,,170622,1276,,0
"2020-08-24","DC",604,,0,,,,85,0,,26,,0,,,,,13,13639,,49,0,,,,,,10835,269401,3355,269401,3355,,,,,169346,1538,,0
"2020-08-23","DC",604,,0,,,,80,0,,27,,0,,,,,12,13590,,56,0,,,,,,10812,266046,3606,266046,3606,,,,,167808,3299,,0
"2020-08-22","DC",604,,2,,,,81,0,,26,,0,,,,,10,13534,,65,0,,,,,,10800,262440,3382,262440,3382,,,,,164509,0,,0
"2020-08-21","DC",602,,1,,,,78,0,,27,,0,,,,,12,13469,,60,0,,,,,,10772,259058,5073,259058,5073,,,,,164509,2351,,0
"2020-08-20","DC",601,,1,,,,78,0,,26,,0,,,,,12,13409,,55,0,,,,,,10720,253985,2326,253985,2326,,,,,162158,1613,,0
"2020-08-19","DC",600,,1,,,,84,0,,30,,0,,,,,14,13354,,29,0,,,,,,10596,251659,2181,251659,2181,,,,,160545,602,,0
"2020-08-18","DC",599,,2,,,,79,0,,27,,0,,,,,14,13325,,52,0,,,,,,10595,249478,3823,249478,3823,,,,,159943,1624,,0
"2020-08-17","DC",597,,0,,,,82,0,,30,,0,,,,,15,13273,,53,0,,,,,,10521,245655,2803,245655,2803,,,,,158319,1727,,0
"2020-08-16","DC",597,,0,,,,79,0,,28,,0,,,,,9,13220,,61,0,,,,,,10493,242852,3636,242852,3636,,,,,156592,1410,,0
"2020-08-15","DC",597,,3,,,,81,0,,28,,0,,,,,14,13159,,41,0,,,,,,10452,239216,2911,239216,2911,,,,,155182,859,,0
"2020-08-14","DC",594,,0,,,,84,0,,22,,0,,,,,12,13118,,94,0,,,,,,10416,236305,6656,236305,6656,,,,,154323,3249,,0
"2020-08-13","DC",594,,1,,,,83,0,,24,,0,,,,,11,13024,,65,0,,,,,,10361,229649,2908,229649,2908,,,,,151074,1430,,0
"2020-08-12","DC",593,,0,,,,85,0,,25,,0,,,,,11,12959,,63,0,,,,,,10300,226741,1992,226741,1992,,,,,149644,915,,0
"2020-08-11","DC",593,,2,,,,83,0,,21,,0,,,,,12,12896,,89,0,,,,,,10232,224749,4358,224749,4358,,,,,148729,2252,,0
"2020-08-10","DC",591,,0,,,,75,0,,21,,0,,,,,8,12807,,54,0,,,,,,10188,220391,2449,220391,2449,,,,,146477,943,,0
"2020-08-09","DC",591,,1,,,,77,0,,17,,0,,,,,8,12753,,100,0,,,,,,10156,217942,4608,217942,4608,,,,,145534,3006,,0
"2020-08-08","DC",590,,1,,,,80,0,,17,,0,,,,,8,12653,,64,0,,,,,,10124,213334,4609,213334,4609,,,,,142528,2121,,0
"2020-08-07","DC",589,,2,,,,90,0,,18,,0,,,,,12,12589,,71,0,,,,,,10118,208725,2742,208725,2742,,,,,140407,1564,,0
"2020-08-06","DC",587,,0,,,,98,0,,23,,0,,,,,12,12518,,75,0,,,,,,10094,205983,3158,205983,3158,,,,,138843,1597,,0
"2020-08-05","DC",587,,0,,,,97,0,,21,,0,,,,,13,12443,,45,0,,,,,,10015,202825,2698,202825,2698,,,,,137246,1505,,0
"2020-08-04","DC",587,,1,,,,100,0,,17,,0,,,,,10,12398,,85,0,,,,,,9959,200127,1312,200127,1312,,,,,135741,948,,0
"2020-08-03","DC",586,,0,,,,104,0,,24,,0,,,,,12,12313,,39,0,,,,,,9893,198815,1623,198815,1623,,,,,134793,985,,0
"2020-08-02","DC",586,,1,,,,102,0,,24,,0,,,,,12,12274,,69,0,,,,,,9870,197192,3411,197192,3411,,,,,133808,2777,,0
"2020-08-01","DC",585,,0,,,,100,0,,26,,0,,,,,13,12205,,79,0,,,,,,9816,193781,5040,193781,5040,,,,,131031,4157,,0
"2020-07-31","DC",585,,1,,,,86,0,,17,,0,,,,,9,12126,,69,0,,,,,,9816,188741,5751,188741,5751,,,,,126874,0,,0
"2020-07-30","DC",584,,0,,,,87,0,,17,,0,,,,,7,12057,,58,0,,,,,,9777,182990,2941,182990,2941,,,,,126874,1607,,0
"2020-07-29","DC",584,,1,,,,83,0,,17,,0,,,,,8,11999,,54,0,,,,,,9723,180049,2027,180049,2027,,,,,125267,1240,,0
"2020-07-28","DC",583,,1,,,,106,0,,20,,0,,,,,9,11945,,87,0,,,,,,9664,178022,3874,178022,3874,,,,,124027,2351,,0
"2020-07-27","DC",582,,1,,,,102,0,,20,,0,,,,,8,11858,,78,0,,,,,,9639,174148,2550,174148,2550,,,,,121676,1417,,0
"2020-07-26","DC",581,,0,,,,85,0,,22,,0,,,,,9,11780,,63,0,,,,,,9607,171598,2589,171598,2589,,,,,120259,1246,,0
"2020-07-25","DC",581,,0,,,,97,0,,28,,0,,,,,9,11717,,68,0,,,,,,9603,169009,3749,169009,3749,,,,,119013,2198,,0
"2020-07-24","DC",581,,0,,,,97,0,,21,,0,,,,,9,11649,,78,0,,,,,,9582,165260,3239,165260,3239,,,,,116815,1462,,0
"2020-07-23","DC",581,,1,,,,91,0,,22,,0,,,,,9,11571,,42,0,,,,,,2020,162021,2449,162021,2449,,,,,115353,1495,,0
"2020-07-22","DC",580,,0,,,,81,0,,18,,0,,,,,11,11529,,102,0,,,,,,1974,159572,3861,159572,3861,,,,,113858,2614,,0
"2020-07-21","DC",580,,1,,,,83,0,,19,,0,,,,,13,11427,,88,0,,,,,,1932,155711,3971,155711,3971,,,,,111244,2177,,0
"2020-07-20","DC",579,,1,,,,83,0,,19,,0,,,,,12,11339,,78,0,,,,,,1909,151740,3975,151740,3975,,,,,109067,2142,,0
"2020-07-19","DC",578,,0,,,,91,0,,17,,0,,,,,12,11261,,67,0,,,,,,1886,147765,2810,147765,2810,,,,,106925,1654,,0
"2020-07-18","DC",578,,1,,,,88,0,,17,,0,,,,,12,11194,,79,0,,,,,,1877,144955,3348,144955,3348,,,,,105271,1422,,0
"2020-07-17","DC",577,,3,,,,87,0,,17,,0,,,,,14,11115,,39,0,,,,,,1863,141607,1365,141607,1365,,,,,103849,1791,,0
"2020-07-16","DC",574,,3,,,,86,0,,24,,0,,,,,14,11076,,50,0,,,,,,1843,140242,2298,140242,2298,,,,,102058,1367,,0
"2020-07-15","DC",571,,3,,,,95,0,,24,,0,,,,,15,11026,,80,0,,,,,,1809,137944,4028,137944,4028,,,,,100691,2783,,0
"2020-07-14","DC",568,,0,,,,91,0,,21,,0,,,,,14,10946,,40,0,,,,,,1774,133916,3696,133916,3696,,,,,97908,1745,,0
"2020-07-13","DC",568,,0,,,,93,0,,25,,0,,,,,16,10906,,59,0,,,,,,1756,130220,3337,130220,3337,,,,,96163,1596,,0
"2020-07-12","DC",568,,0,,,,95,0,,30,,0,,,,,17,10847,,46,0,,,,,,1737,126883,2833,126883,2833,,,,,94567,1255,,0
"2020-07-11","DC",568,,0,,,,92,0,,29,,0,,,,,17,10801,,58,0,,,,,,1717,124050,3166,124050,3166,,,,,93312,2169,,0
"2020-07-10","DC",568,,0,,,,96,0,,26,,0,,,,,18,10743,,64,0,,,,,,1703,120884,4961,120884,4961,,,,,91143,3083,,0
"2020-07-09","DC",568,,4,,,,92,0,,26,,0,,,,,14,10679,,37,0,,,,,,1662,115923,1634,115923,1634,,,,,88060,974,,0
"2020-07-08","DC",564,,3,,,,86,0,,30,,0,,,,,17,10642,,73,0,,,,,,1625,114289,3912,114289,3912,,,,,87086,1929,,0
"2020-07-07","DC",561,,0,,,,90,0,,25,,0,,,,,20,10569,,54,0,,,,,,1574,110377,2727,110377,2727,,,,,85157,1825,,0
"2020-07-06","DC",561,,2,,,,88,0,,23,,0,,,,,16,10515,,33,0,,,,,,1553,107650,1657,107650,1657,,,,,83332,957,,0
"2020-07-05","DC",559,,2,,,,87,0,,26,,0,,,,,18,10482,,35,0,,,,,,1542,105993,1439,105993,1439,,,,,82375,1045,,0
"2020-07-04","DC",557,,2,,,,95,0,,28,,0,,,,,21,10447,,12,0,,,,,,1523,104554,1745,104554,1745,,,,,81330,1363,,0
"2020-07-03","DC",555,,1,,,,110,0,,38,,0,,,,,24,10435,,45,0,,,,,,1497,102809,1746,102809,1746,,,,,79967,1367,,0
"2020-07-02","DC",554,,1,,,,120,0,,33,,0,,,,,28,10390,,25,0,,,,,,1465,101063,1028,101063,1028,,,,,78600,692,,0
"2020-07-01","DC",553,,2,,,,119,0,,33,,0,,,,,26,10365,,38,0,,,,,,1451,100035,2740,100035,2740,,,,,77908,1796,,0
"2020-06-30","DC",551,,0,,,,126,0,,33,,0,,,,,22,10327,,35,0,,,,,,1270,97295,1935,97295,1935,,,,,76112,1537,,0
"2020-06-29","DC",551,,1,,,,121,0,,34,,0,,,,,23,10292,,44,0,,,,,,1200,95360,2228,95360,2228,,,,,74575,1792,,0
"2020-06-28","DC",550,,2,,,,126,0,,34,,0,,,,,27,10248,,32,0,,,,,,1199,93132,3861,93132,3861,,,,,72783,3084,,0
"2020-06-27","DC",548,,2,,,,136,0,,43,,0,,,,,26,10216,,31,0,,,,,,1194,89271,1148,89271,1148,,,,,69699,1031,,0
"2020-06-26","DC",546,,3,,,,147,0,,48,,0,,,,,29,10185,,26,0,,,,,,1186,88123,1392,88123,1392,,,,,68668,2942,,0
"2020-06-25","DC",543,,2,,,,157,0,,53,,0,,,,,34,10159,,31,0,,,,,,1182,86731,2558,86731,2558,,,,,65726,0,,0
"2020-06-24","DC",541,,4,,,,167,0,,58,,0,,,,,36,10128,,34,0,,,,,,1182,84173,871,84173,871,,,,,65726,653,,0
"2020-06-23","DC",537,,2,,,,171,0,,61,,0,,,,,40,10094,,36,0,,,,,,1182,83302,1298,83302,1298,,,,,65073,1002,,0
"2020-06-22","DC",535,,2,,,,155,0,,50,,0,,,,,34,10058,,38,0,,,,,,1182,82004,2482,82004,2482,,,,,64071,1984,,0
"2020-06-21","DC",533,,2,,,,168,0,,61,,0,,,,,37,10020,,36,0,,,,,,1172,79522,1569,79522,1569,,,,,62087,1335,,0
"2020-06-20","DC",531,,1,,,,177,0,,58,,0,,,,,40,9984,,32,0,,,,,,1166,77953,4162,77953,4162,,,,,60752,1680,,0
"2020-06-19","DC",530,,3,,,,184,0,,63,,0,,,,,44,9952,,49,0,,,,,,1162,73791,1592,73791,1592,,,,,59072,1205,,0
"2020-06-18","DC",527,,4,,,,189,0,,86,,0,,,,,45,9903,,56,0,,,,,,1155,72199,2113,72199,2113,,,,,57867,1794,,0
"2020-06-17","DC",523,,3,,,,197,0,,73,,0,,,,,47,9847,,29,0,,,,,,1155,70086,2960,70086,2960,,,,,56073,2615,,0
"2020-06-16","DC",520,,5,,,,192,0,,70,,0,,,,,49,9818,,19,0,,,,,,1155,67126,1280,67126,1280,,,,,53458,1010,,0
"2020-06-15","DC",515,,0,,,,191,0,,76,,0,,,,,48,9799,,32,0,,,,,,1155,65846,1316,65846,1316,,,,,52448,1088,,0
"2020-06-14","DC",515,,4,,,,186,0,,71,,0,,,,,50,9767,,58,0,,,,,,1150,64530,1494,64530,1494,,,,,51360,1328,,0
"2020-06-13","DC",511,,5,,,,197,0,,78,,0,,,,,52,9709,,55,0,,,,,,1143,63036,1083,63036,1083,,,,,50032,1330,,0
"2020-06-12","DC",506,,4,,,,212,0,,82,,0,,,,,57,9654,,65,0,,,,,,1143,61953,2665,61953,2665,,,,,48702,906,,0
"2020-06-11","DC",502,,3,,,,238,0,,82,,0,,,,,53,9589,,52,0,,,,,,1143,59288,1096,59288,1096,,,,,47796,648,,0
"2020-06-10","DC",499,,4,,,,245,0,,79,,0,,,,,60,9537,,63,0,,,,,,1143,58192,1040,58192,1040,,,,,47148,735,,0
"2020-06-09","DC",495,,4,,,,255,0,,89,,0,,,,,59,9474,,85,0,,,,,,1143,57152,1386,57152,1386,,,,,46413,1051,,0
"2020-06-08","DC",491,,2,,,,268,0,,102,,0,,,,,72,9389,,57,0,,,,,,1143,55766,1219,55766,1219,,,,,45362,877,,0
"2020-06-07","DC",489,,6,,,,285,0,,90,,0,,,,,73,9332,,63,0,,,,,,1143,54547,869,54547,869,,,,,44485,957,,0
"2020-06-06","DC",483,,8,,,,276,0,,100,,0,,,,,68,9269,,70,0,,,,,,1138,53678,1817,53678,1817,,,,,43528,1728,,0
"2020-06-05","DC",475,,0,,,,273,0,,99,,0,,,,,75,9199,,79,0,,,,,,1138,51861,765,51861,765,,,,,41800,229,,0
"2020-06-04","DC",475,,2,,,,276,0,,98,,0,,,,,73,9120,,104,0,,,,,,1138,51096,1534,51096,1534,,,,,41571,820,,0
"2020-06-03","DC",473,,3,,,,285,0,,103,,0,,,,,72,9016,,130,0,,,,,,1138,49562,1861,49562,1861,,,,,40751,1500,,0
"2020-06-02","DC",470,,2,,,,295,0,,106,,0,,,,,74,8886,,29,0,,,,,,1137,47701,438,47701,438,,,,,39251,276,,0
"2020-06-01","DC",468,,2,,,,302,0,,108,,0,,,,,67,8857,,56,0,,,,,,1126,47263,780,47263,780,,,,,38975,562,,0
"2020-05-31","DC",466,,4,,,,295,0,,109,,0,,,,,66,8801,,84,0,,,,,,1116,46483,854,46483,854,,,,,38413,532,,0
"2020-05-30","DC",462,,2,,,,317,0,,109,,0,,,,,66,8717,,179,0,,,,,,1100,45629,1771,45629,1771,,,,,37881,0,,0
"2020-05-29","DC",460,,7,,,,338,0,,114,,0,,,,,65,8538,,46,0,,,,,,1089,43858,344,43858,344,,,,,37881,1597,,0
"2020-05-28","DC",453,,8,,,,343,0,,108,,0,,,,,65,8492,,86,0,,,,,,1082,43514,817,43514,817,,,,,36284,602,,0
"2020-05-27","DC",445,,5,,,,349,0,,113,,0,,,,,76,8406,,72,0,,,,,,1082,42697,642,42697,642,,,,,35682,420,,0
"2020-05-26","DC",440,,0,,,,353,0,,113,,0,,,,,76,8334,,109,0,,,,,,1080,42055,1252,42055,1252,,,,,35262,1068,,0
"2020-05-25","DC",440,,13,,,,331,0,,106,,0,,,,,70,8225,,259,0,,,,,,1080,40803,0,40803,0,,,,,34194,618,,0
"2020-05-24","DC",427,,0,,,,324,0,,110,,0,,,,,73,7966,,0,0,,,,,,1075,40803,1875,40803,1875,,,,,33576,841,,0
"2020-05-23","DC",427,,9,,,,324,0,,110,,0,,,,,73,7966,,73,0,,,,,,1075,38928,-4065,38928,-4065,,,,,32735,32735,,0
"2020-05-22","DC",418,,6,,,,342,0,,112,,0,,,,,74,7893,,105,0,,,,,,1069,42993,1237,42993,1237,,,,,,0,,0
"2020-05-21","DC",412,,5,,,,336,0,,,,0,,,,,74,7788,,237,0,,,,,,1061,41756,1337,41756,1337,,,,,,0,,0
"2020-05-20","DC",407,,7,,,,336,0,,,,0,,,,,74,7551,,117,0,,,,,,1059,40419,1045,40419,1045,,,,,,0,,0
"2020-05-19","DC",400,,8,,,,375,0,,,,0,,,,,77,7434,,164,0,,,,,,1040,39374,1549,39374,1549,,,,,,0,,0
"2020-05-18","DC",392,,9,,,,374,0,,,,0,,,,,70,7270,,147,0,,,,,,1028,37825,1299,37825,1299,,,,,,0,,0
"2020-05-17","DC",383,,8,,,,369,0,,,,0,,,,,74,7123,,81,0,,,,,,1023,36526,994,36526,994,,,,,,0,,0
"2020-05-16","DC",375,,7,,,,382,0,,,,0,,,,,79,7042,,171,0,,,,,,998,35532,1193,35532,1193,,,,,,0,,0
"2020-05-15","DC",368,,10,,,,393,0,,,,0,,,,,90,6871,,135,0,,,,,,975,34339,2681,34339,2681,,,,,,0,,0
"2020-05-14","DC",358,,8,,,,397,0,,,,0,,,,,90,6736,,152,0,,,,,,966,31658,608,31658,608,,,,,,0,,0
"2020-05-13","DC",350,,14,,,,423,0,,,,0,,,,,82,6584,,99,0,,,,,,934,31050,0,31050,0,,,,,,0,,0
"2020-05-12","DC",336,,8,,,,416,0,,,,0,,,,,82,6485,,96,0,,,,,,886,31050,789,31050,789,,,,,,0,,0
"2020-05-11","DC",328,,5,,,,416,0,,,,0,,,,,82,6389,,117,0,,,,,,881,30261,691,30261,691,,,,,,0,,0
"2020-05-10","DC",323,,12,,,,447,0,,130,,0,,,,,91,6272,,170,0,,,,,,880,29570,1387,29570,1387,,,,,,0,,0
"2020-05-09","DC",311,,7,,,,447,0,,130,,0,,,,,91,6102,,203,0,,,,,,879,28183,1068,28183,1068,,,,,,0,,0
"2020-05-08","DC",304,,19,,,,447,0,,130,,0,,,,,91,5899,,245,0,,,,,,825,27115,1259,27115,1259,,,,,,0,,0
"2020-05-07","DC",285,,8,,,,447,0,,130,,0,,,,,91,5654,,193,0,,,,,,825,25856,872,25856,872,,,,,,0,,0
"2020-05-06","DC",277,,13,,,,447,0,,130,,0,,,,,91,5461,,139,0,,,,,,808,24984,655,24984,655,,,,,,0,,0
"2020-05-05","DC",264,,6,,,,447,0,,130,,0,,,,,91,5322,,152,0,,,,,,667,24329,534,24329,534,,,,,,0,,0
"2020-05-04","DC",258,,7,,,,447,0,,130,,0,,,,,91,5170,,154,0,,,,,,666,23795,693,23795,693,,,,,,0,,0
"2020-05-03","DC",251,,11,,,,,0,,,,0,,,,,,5016,,219,0,,,,,,666,23102,1098,23102,1098,,,,,,0,,0
"2020-05-02","DC",240,,9,,,,,0,,,,0,,,,,,4797,,139,0,,,,,,666,22004,869,22004,869,,,,,,0,,0
"2020-05-01","DC",231,,7,,,,,0,,,,0,,,,,,4658,,335,0,,,,,,666,21135,1056,21135,1056,,,,,,0,,0
"2020-04-30","DC",224,,19,,,,,0,,,,0,,,,,,4323,,217,0,,,,,,660,20079,850,20079,850,,,,,,0,,0
"2020-04-29","DC",205,,15,,,,,0,,,,0,,,,,,4106,,112,0,,,,,,660,19229,344,19229,344,,,,,,0,,0
"2020-04-28","DC",190,,5,,,,,0,,,,0,,,,,,3994,,102,0,,,,,,660,18885,469,18885,469,,,,,,0,,0
"2020-04-27","DC",185,,7,,,,402,0,,,,0,,,,,,3892,,51,0,,,,,,659,18416,348,18416,348,,,,,,0,,0
"2020-04-26","DC",178,,13,,,,402,0,,120,,0,,,,,69,3841,,142,0,,,,,,657,18068,766,18068,766,,,,,,0,,0
"2020-04-25","DC",165,,12,,,,402,0,,120,,0,,,,,69,3699,,171,0,,,,,,652,17302,769,17302,769,,,,,,0,,0
"2020-04-24","DC",153,,14,,,,402,0,,120,,0,,,,,69,3528,,167,0,,,,,,651,16533,603,16533,603,,,,,,0,,0
"2020-04-23","DC",139,,12,,,,402,0,,120,,0,,,,,200,3361,,155,0,,,,,,648,15930,428,15930,428,,,,,,0,,0
"2020-04-22","DC",127,,15,,,,402,0,,120,,0,,,,,69,3206,,108,0,,,,,,645,15502,563,15502,563,,,,,,0,,0
"2020-04-21","DC",112,,7,,,,402,0,,120,,0,,,,,69,3098,,171,0,,,,,,636,14939,826,14939,826,,,,,,0,,0
"2020-04-20","DC",105,,9,,,,402,0,,120,,0,,,,,69,2927,,134,0,,,,,,630,14113,414,14113,414,,,,,,0,,0
"2020-04-19","DC",96,,5,,,,313,0,,105,,0,,,,,79,2793,,127,0,,,,,,622,13699,431,13699,431,,,,,,0,,0
"2020-04-18","DC",91,,5,,,,313,0,,105,,0,,,,,79,2666,,190,0,,,,,,608,13268,625,13268,625,,,,,,0,,0
"2020-04-17","DC",86,,5,,,,313,0,,105,,0,,,,,79,2476,,126,0,,,,,,573,12643,493,12643,493,,,,,,0,,0
"2020-04-16","DC",81,,9,,,,313,0,,105,,0,,,,,79,2350,,153,0,,,,,,552,12150,625,12150,625,,,,,,0,,0
"2020-04-15","DC",72,,5,,,,313,0,,105,,0,,,,,79,2197,,139,0,,,,,,530,11525,241,11525,241,,,,,,0,,0
"2020-04-14","DC",67,,14,,,,295,0,,95,,0,,,,,31,2058,,103,0,,,,,,518,11284,350,11284,350,,,,,,0,,0
"2020-04-13","DC",53,,3,,,,295,0,,95,,0,,,,,31,1955,,80,0,,,,,,507,10934,294,10934,294,,,,,,0,,0
"2020-04-12","DC",50,,3,,,,,0,,,,0,,,,,,1875,,97,0,,,,,,493,10640,601,10640,601,,,,,,0,,0
"2020-04-11","DC",47,,9,,,,,0,,,,0,,,,,,1778,,118,0,,,,,,447,10039,684,10039,684,,,,,,0,,0
"2020-04-10","DC",38,,6,,,,,0,,,,0,,,,,,1660,,137,0,,,,,,426,9355,631,9355,631,,,,,,0,,0
"2020-04-09","DC",32,,5,,,,,0,,,,0,,,,,,1523,,83,0,,,,,,393,8724,441,8724,441,,,,,,0,,0
"2020-04-08","DC",27,,5,,,,,0,,,,0,,,,,,1440,,229,0,,,,,,361,8283,460,8283,460,,,,,,0,,0
"2020-04-07","DC",22,,-2,,,,,0,,,,0,,,,,,1211,,114,0,,,,,,318,7823,370,7823,370,,,,,,0,,0
"2020-04-06","DC",24,,2,,,,,0,,,,0,,,,,,1097,,99,0,,,,,,287,7453,619,7453,619,,,,,,0,,0
"2020-04-05","DC",22,,1,,,,,0,,,,0,,,,,,998,,96,0,,,,,,258,6834,396,6834,396,,,,,,0,,0
"2020-04-04","DC",21,,6,,,,,0,,,,0,,,,,,902,,145,0,,,,,,235,6438,854,6438,854,,,,,,0,,0
"2020-04-03","DC",15,,3,,,,,0,,,,0,,,,,,757,,104,0,,,,,,206,5584,514,5584,514,,,,,,0,,0
"2020-04-02","DC",12,,1,,,,,0,,,,0,,,,,,653,,67,0,,,,,,173,5070,1222,5070,1222,,,,,,0,,0
"2020-04-01","DC",11,,2,,,,,0,,,,0,,,,,,586,,91,0,,,,,,142,3848,91,3848,91,,,,,,0,,0
"2020-03-31","DC",9,,0,,,,,0,,,,0,,,,,,495,,94,0,,,,,,121,3757,674,3757,674,,,,,,0,,0
"2020-03-30","DC",9,,4,,,,,0,,,,0,,,,,,401,,59,0,,,,,,106,3083,272,3083,272,,,,,,0,,0
"2020-03-29","DC",5,,1,,,,,0,,,,0,,,,,,342,,38,0,,,,,,66,2811,296,2811,296,,,,,,0,,0
"2020-03-28","DC",4,,1,,,,,0,,,,0,,,,,,304,,37,0,,,,,,51,2515,351,2515,351,,,,,,0,,0
"2020-03-27","DC",3,,0,,,,,0,,,,0,,,,,,267,,36,0,,,,,,49,2164,307,2164,307,,,,,,0,,0
"2020-03-26","DC",3,,1,,,,,0,,,,0,,,,,,231,,48,0,,,,,,21,1857,251,1857,251,,,,,,0,,0
"2020-03-25","DC",2,,0,,,,,0,,,,0,,,,,,183,,46,0,,,,,,,1606,274,1606,274,,,,,,0,,0
"2020-03-24","DC",2,,0,,,,,0,,,,0,,,,,,137,,21,0,,,,,,,1332,103,1332,103,,,,,,0,,0
"2020-03-23","DC",2,,1,,,,,0,,,,0,,,,,,116,,18,0,,,,,,,1229,174,1229,174,,,,,,0,,0
"2020-03-22","DC",1,,0,,,,,0,,,,0,,,,,,98,,21,0,,,,,,,1055,472,1055,472,,,,,,0,,0
"2020-03-21","DC",1,,0,,,,,0,,,,0,,,,,,77,,6,0,,,,,,,583,11,583,11,,,,,,0,,0
"2020-03-20","DC",1,,1,,,,,0,,,,0,,,,,,71,,32,0,,,,,,,572,380,572,380,,,,,,0,,0
"2020-03-19","DC",0,,0,,,,,0,,,,0,,,,,,39,,8,0,,,,,,,192,23,192,23,,,,,,0,,0
"2020-03-18","DC",,,0,,,,,0,,,,0,,,,,,31,,9,0,,,,,,,169,43,169,43,,,,,,0,,0
"2020-03-17","DC",,,0,,,,,0,,,,0,,,,,,22,,5,0,,,,,,,126,13,126,13,,,,,,0,,0
"2020-03-16","DC",,,0,,,,,0,,,,0,,,,,,17,,1,0,,,,,,,113,18,113,18,,,,,,0,,0
"2020-03-15","DC",,,0,,,,,0,,,,0,,,,,,16,,6,0,,,,,,,95,36,95,36,,,,,,0,,0
"2020-03-14","DC",,,0,,,,,0,,,,0,,,,,,10,,0,0,,,,,,,59,29,59,29,,,,,,0,,0
"2020-03-13","DC",,,0,,,,,0,,,,0,,,,,,10,,0,0,,,,,,,30,0,30,0,,,,,,0,,0
"2020-03-12","DC",,,0,,,,,0,,,,0,,,,,,10,,5,0,,,,,,,30,5,30,5,,,,,,0,,0
"2020-03-11","DC",,,0,,,,,0,,,,0,,,,,,5,,0,0,,,,,,,25,3,25,3,,,,,,0,,0
"2020-03-10","DC",,,0,,,,,0,,,,0,,,,,,5,,4,0,,,,,,,22,7,22,7,,,,,,0,,0
"2020-03-09","DC",,,0,,,,,0,,,,0,,,,,,1,,0,0,,,,,,,15,4,15,4,,,,,,0,,0
"2020-03-08","DC",,,0,,,,,0,,,,0,,,,,,1,,1,0,,,,,,,11,3,11,3,,,,,,0,,0
"2020-03-07","DC",,,0,,,,,0,,,,0,,,,,,0,,0,0,,,,,,,8,0,8,0,,,,,,0,,0
"2020-03-06","DC",,,0,,,,,0,,,,0,,,,,,0,,0,0,,,,,,,8,2,8,2,,,,,,0,,0
"2020-03-05","DC",,,0,,,,,0,,,,0,,,,,,0,,0,0,,,,,,,6,6,6,0,,,,,,0,,0